Year,Mes,Residuo,Peso
2017,Enero,Carton,0
2017,Febrero,Carton,0
2017,Marzo,Carton,0
2017,Abril,Carton,29.7
2017,Mayo,Carton,233.8
2017,Junio,Carton,175.1
2017,Julio,Carton,38
2017,Agosto,Carton,145.6
2017,Septiembre,Carton,469.3
2017,Octubre,Carton,1237.5
2017,Noviembre,Carton,212.2
2017,Diciembre,Carton,1183.3
2018,Enero,Carton,
2018,Febrero,Carton,1752.1
2018,Marzo,Carton,2181.4
2018,Abril,Carton,1958.4
2018,Mayo,Carton,1639
2018,Junio,Carton,937.2
2018,Julio,Carton,1598.3
2018,Agosto,Carton,1509.7
2018,Septiembre,Carton,
2018,Octubre,Carton,
2018,Noviembre,Carton,
2018,Diciembre,Carton,
2019,Enero,Carton,
2019,Febrero,Carton,
2019,Marzo,Carton,
2019,Abril,Carton,
2019,Mayo,Carton,22
2019,Junio,Carton,199
2019,Julio,Carton,302.6
2019,Agosto,Carton,464.2
2019,Septiembre,Carton,103
2019,Octubre,Carton,73
2019,Noviembre,Carton,457.3
2019,Diciembre,Carton,194
2020,Enero,Carton,348
2020,Febrero,Carton,362
2020,Marzo,Carton,
2020,Abril,Carton,
2020,Mayo,Carton,
2020,Junio,Carton,295.5
2020,Julio,Carton,326
2020,Agosto,Carton,112.5
2020,Septiembre,Carton,181
2020,Octubre,Carton,194
2020,Noviembre,Carton,226
2020,Diciembre,Carton,
2017,Enero,Papel,0
2017,Febrero,Papel,0
2017,Marzo,Papel,0
2017,Abril,Papel,0
2017,Mayo,Papel,0
2017,Junio,Papel,0
2017,Julio,Papel,0
2017,Agosto,Papel,32.4
2017,Septiembre,Papel,8
2017,Octubre,Papel,314
2017,Noviembre,Papel,30
2017,Diciembre,Papel,15
2018,Enero,Papel,
2018,Febrero,Papel,14
2018,Marzo,Papel,57
2018,Abril,Papel,15
2018,Mayo,Papel,22.4
2018,Junio,Papel,49.8
2018,Julio,Papel,64.6
2018,Agosto,Papel,13.1
2018,Septiembre,Papel,
2018,Octubre,Papel,
2018,Noviembre,Papel,
2018,Diciembre,Papel,
2019,Enero,Papel,
2019,Febrero,Papel,
2019,Marzo,Papel,
2019,Abril,Papel,
2019,Mayo,Papel,0
2019,Junio,Papel,1
2019,Julio,Papel,39
2019,Agosto,Papel,27
2019,Septiembre,Papel,0
2019,Octubre,Papel,0
2019,Noviembre,Papel,0
2019,Diciembre,Papel,0
2020,Enero,Papel,0
2020,Febrero,Papel,0
2020,Marzo,Papel,
2020,Abril,Papel,
2020,Mayo,Papel,
2020,Junio,Papel,0
2020,Julio,Papel,0
2020,Agosto,Papel,0
2020,Septiembre,Papel,0
2020,Octubre,Papel,0
2020,Noviembre,Papel,0
2020,Diciembre,Papel,
2017,Enero,Vidrio,0
2017,Febrero,Vidrio,0
2017,Marzo,Vidrio,0
2017,Abril,Vidrio,122.6
2017,Mayo,Vidrio,3367.2
2017,Junio,Vidrio,731.3
2017,Julio,Vidrio,25
2017,Agosto,Vidrio,300
2017,Septiembre,Vidrio,1114.8
2017,Octubre,Vidrio,1208.8
2017,Noviembre,Vidrio,500
2017,Diciembre,Vidrio,3205.7
2018,Enero,Vidrio,
2018,Febrero,Vidrio,3964.4
2018,Marzo,Vidrio,6724.5
2018,Abril,Vidrio,4123.4
2018,Mayo,Vidrio,1692.9
2018,Junio,Vidrio,1924.5
2018,Julio,Vidrio,2749.5
2018,Agosto,Vidrio,4554.3
2018,Septiembre,Vidrio,
2018,Octubre,Vidrio,
2018,Noviembre,Vidrio,
2018,Diciembre,Vidrio,
2019,Enero,Vidrio,
2019,Febrero,Vidrio,
2019,Marzo,Vidrio,
2019,Abril,Vidrio,
2019,Mayo,Vidrio,0
2019,Junio,Vidrio,250
2019,Julio,Vidrio,408.5
2019,Agosto,Vidrio,554
2019,Septiembre,Vidrio,157
2019,Octubre,Vidrio,220
2019,Noviembre,Vidrio,937
2019,Diciembre,Vidrio,356
2020,Enero,Vidrio,811
2020,Febrero,Vidrio,816
2020,Marzo,Vidrio,
2020,Abril,Vidrio,
2020,Mayo,Vidrio,
2020,Junio,Vidrio,1560.5
2020,Julio,Vidrio,995
2020,Agosto,Vidrio,1025
2020,Septiembre,Vidrio,358
2020,Octubre,Vidrio,405
2020,Noviembre,Vidrio,556
2020,Diciembre,Vidrio,
2017,Enero,Tetrapak,0
2017,Febrero,Tetrapak,0
2017,Marzo,Tetrapak,0
2017,Abril,Tetrapak,0
2017,Mayo,Tetrapak,0
2017,Junio,Tetrapak,0
2017,Julio,Tetrapak,0
2017,Agosto,Tetrapak,0
2017,Septiembre,Tetrapak,0
2017,Octubre,Tetrapak,0
2017,Noviembre,Tetrapak,0
2017,Diciembre,Tetrapak,0
2018,Enero,Tetrapak,
2018,Febrero,Tetrapak,0
2018,Marzo,Tetrapak,0
2018,Abril,Tetrapak,0
2018,Mayo,Tetrapak,0
2018,Junio,Tetrapak,0
2018,Julio,Tetrapak,0
2018,Agosto,Tetrapak,0
2018,Septiembre,Tetrapak,
2018,Octubre,Tetrapak,
2018,Noviembre,Tetrapak,
2018,Diciembre,Tetrapak,
2019,Enero,Tetrapak,
2019,Febrero,Tetrapak,
2019,Marzo,Tetrapak,
2019,Abril,Tetrapak,
2019,Mayo,Tetrapak,0
2019,Junio,Tetrapak,0.5
2019,Julio,Tetrapak,2
2019,Agosto,Tetrapak,6.1
2019,Septiembre,Tetrapak,6.9
2019,Octubre,Tetrapak,6
2019,Noviembre,Tetrapak,1.6
2019,Diciembre,Tetrapak,8
2020,Enero,Tetrapak,14.5
2020,Febrero,Tetrapak,0
2020,Marzo,Tetrapak,
2020,Abril,Tetrapak,
2020,Mayo,Tetrapak,
2020,Junio,Tetrapak,23
2020,Julio,Tetrapak,1
2020,Agosto,Tetrapak,1
2020,Septiembre,Tetrapak,10.5
2020,Octubre,Tetrapak,1
2020,Noviembre,Tetrapak,0.5
2020,Diciembre,Tetrapak,
2017,Enero,PET,0
2017,Febrero,PET,0
2017,Marzo,PET,0
2017,Abril,PET,55.5
2017,Mayo,PET,57.9
2017,Junio,PET,80.1
2017,Julio,PET,37.7
2017,Agosto,PET,76.5
2017,Septiembre,PET,87.1
2017,Octubre,PET,356.1
2017,Noviembre,PET,141.9
2017,Diciembre,PET,650
2018,Enero,PET,
2018,Febrero,PET,737.3
2018,Marzo,PET,1307.3
2018,Abril,PET,1050.4
2018,Mayo,PET,701.8
2018,Junio,PET,723.6
2018,Julio,PET,1254.2
2018,Agosto,PET,1000.9
2018,Septiembre,PET,
2018,Octubre,PET,
2018,Noviembre,PET,
2018,Diciembre,PET,
2019,Enero,PET,
2019,Febrero,PET,
2019,Marzo,PET,
2019,Abril,PET,
2019,Mayo,PET,12
2019,Junio,PET,55
2019,Julio,PET,126.4
2019,Agosto,PET,116.9
2019,Septiembre,PET,76.5
2019,Octubre,PET,51
2019,Noviembre,PET,129
2019,Diciembre,PET,49
2020,Enero,PET,92
2020,Febrero,PET,101.5
2020,Marzo,PET,
2020,Abril,PET,
2020,Mayo,PET,
2020,Junio,PET,375.8
2020,Julio,PET,417
2020,Agosto,PET,274.5
2020,Septiembre,PET,110
2020,Octubre,PET,90
2020,Noviembre,PET,93.5
2020,Diciembre,PET,
2017,Enero,PEHD,0
2017,Febrero,PEHD,0
2017,Marzo,PEHD,0
2017,Abril,PEHD,0
2017,Mayo,PEHD,0
2017,Junio,PEHD,76.4
2017,Julio,PEHD,55
2017,Agosto,PEHD,0
2017,Septiembre,PEHD,74.3
2017,Octubre,PEHD,51.8
2017,Noviembre,PEHD,11
2017,Diciembre,PEHD,432.6
2018,Enero,PEHD,
2018,Febrero,PEHD,0
2018,Marzo,PEHD,0
2018,Abril,PEHD,0
2018,Mayo,PEHD,0
2018,Junio,PEHD,0
2018,Julio,PEHD,0
2018,Agosto,PEHD,0
2018,Septiembre,PEHD,
2018,Octubre,PEHD,
2018,Noviembre,PEHD,
2018,Diciembre,PEHD,
2019,Enero,PEHD,
2019,Febrero,PEHD,
2019,Marzo,PEHD,
2019,Abril,PEHD,
2019,Mayo,PEHD,22
2019,Junio,PEHD,0
2019,Julio,PEHD,0
2019,Agosto,PEHD,0
2019,Septiembre,PEHD,0
2019,Octubre,PEHD,0
2019,Noviembre,PEHD,0
2019,Diciembre,PEHD,0
2020,Enero,PEHD,0
2020,Febrero,PEHD,0
2020,Marzo,PEHD,
2020,Abril,PEHD,
2020,Mayo,PEHD,
2020,Junio,PEHD,0
2020,Julio,PEHD,0
2020,Agosto,PEHD,0
2020,Septiembre,PEHD,0
2020,Octubre,PEHD,0
2020,Noviembre,PEHD,0
2020,Diciembre,PEHD,
2017,Enero,PEBD,0
2017,Febrero,PEBD,0
2017,Marzo,PEBD,0
2017,Abril,PEBD,0
2017,Mayo,PEBD,0
2017,Junio,PEBD,0
2017,Julio,PEBD,0
2017,Agosto,PEBD,0
2017,Septiembre,PEBD,0
2017,Octubre,PEBD,0
2017,Noviembre,PEBD,0
2017,Diciembre,PEBD,0
2018,Enero,PEBD,
2018,Febrero,PEBD,481.6
2018,Marzo,PEBD,501
2018,Abril,PEBD,305.6
2018,Mayo,PEBD,199.9
2018,Junio,PEBD,120.2
2018,Julio,PEBD,459
2018,Agosto,PEBD,252.8
2018,Septiembre,PEBD,
2018,Octubre,PEBD,
2018,Noviembre,PEBD,
2018,Diciembre,PEBD,
2019,Enero,PEBD,
2019,Febrero,PEBD,
2019,Marzo,PEBD,
2019,Abril,PEBD,
2019,Mayo,PEBD,0
2019,Junio,PEBD,1.2
2019,Julio,PEBD,11.5
2019,Agosto,PEBD,0
2019,Septiembre,PEBD,10
2019,Octubre,PEBD,0
2019,Noviembre,PEBD,0
2019,Diciembre,PEBD,0
2020,Enero,PEBD,0
2020,Febrero,PEBD,0
2020,Marzo,PEBD,
2020,Abril,PEBD,
2020,Mayo,PEBD,
2020,Junio,PEBD,0
2020,Julio,PEBD,0
2020,Agosto,PEBD,0
2020,Septiembre,PEBD,0
2020,Octubre,PEBD,0
2020,Noviembre,PEBD,0
2020,Diciembre,PEBD,
2017,Enero,PEAD,0
2017,Febrero,PEAD,0
2017,Marzo,PEAD,0
2017,Abril,PEAD,0
2017,Mayo,PEAD,0
2017,Junio,PEAD,0
2017,Julio,PEAD,0
2017,Agosto,PEAD,0
2017,Septiembre,PEAD,0
2017,Octubre,PEAD,0
2017,Noviembre,PEAD,0
2017,Diciembre,PEAD,0
2018,Enero,PEAD,
2018,Febrero,PEAD,25.8
2018,Marzo,PEAD,133
2018,Abril,PEAD,139.6
2018,Mayo,PEAD,64.8
2018,Junio,PEAD,52
2018,Julio,PEAD,34.8
2018,Agosto,PEAD,8.6
2018,Septiembre,PEAD,
2018,Octubre,PEAD,
2018,Noviembre,PEAD,
2018,Diciembre,PEAD,
2019,Enero,PEAD,
2019,Febrero,PEAD,
2019,Marzo,PEAD,
2019,Abril,PEAD,
2019,Mayo,PEAD,19
2019,Junio,PEAD,171
2019,Julio,PEAD,197
2019,Agosto,PEAD,32
2019,Septiembre,PEAD,149
2019,Octubre,PEAD,7
2019,Noviembre,PEAD,93.5
2019,Diciembre,PEAD,101
2020,Enero,PEAD,48.5
2020,Febrero,PEAD,53.5
2020,Marzo,PEAD,
2020,Abril,PEAD,
2020,Mayo,PEAD,
2020,Junio,PEAD,90
2020,Julio,PEAD,19
2020,Agosto,PEAD,13
2020,Septiembre,PEAD,9
2020,Octubre,PEAD,35
2020,Noviembre,PEAD,20
2020,Diciembre,PEAD,
2017,Enero,Playo,0
2017,Febrero,Playo,0
2017,Marzo,Playo,0
2017,Abril,Playo,0
2017,Mayo,Playo,0
2017,Junio,Playo,0
2017,Julio,Playo,0
2017,Agosto,Playo,8
2017,Septiembre,Playo,4
2017,Octubre,Playo,31.5
2017,Noviembre,Playo,10
2017,Diciembre,Playo,11
2018,Enero,Playo,
2018,Febrero,Playo,0
2018,Marzo,Playo,0
2018,Abril,Playo,0
2018,Mayo,Playo,0
2018,Junio,Playo,0
2018,Julio,Playo,0
2018,Agosto,Playo,0
2018,Septiembre,Playo,
2018,Octubre,Playo,
2018,Noviembre,Playo,
2018,Diciembre,Playo,
2019,Enero,Playo,
2019,Febrero,Playo,
2019,Marzo,Playo,
2019,Abril,Playo,
2019,Mayo,Playo,0
2019,Junio,Playo,0
2019,Julio,Playo,8
2019,Agosto,Playo,30
2019,Septiembre,Playo,0.2
2019,Octubre,Playo,0.4
2019,Noviembre,Playo,2.1
2019,Diciembre,Playo,9
2020,Enero,Playo,16.5
2020,Febrero,Playo,17
2020,Marzo,Playo,
2020,Abril,Playo,
2020,Mayo,Playo,
2020,Junio,Playo,15
2020,Julio,Playo,5
2020,Agosto,Playo,3
2020,Septiembre,Playo,6
2020,Octubre,Playo,3.5
2020,Noviembre,Playo,10
2020,Diciembre,Playo,
2017,Enero,Cobre,0
2017,Febrero,Cobre,0
2017,Marzo,Cobre,0
2017,Abril,Cobre,0
2017,Mayo,Cobre,0
2017,Junio,Cobre,0
2017,Julio,Cobre,0
2017,Agosto,Cobre,0
2017,Septiembre,Cobre,0
2017,Octubre,Cobre,0
2017,Noviembre,Cobre,0
2017,Diciembre,Cobre,0
2018,Enero,Cobre,
2018,Febrero,Cobre,0
2018,Marzo,Cobre,0
2018,Abril,Cobre,0
2018,Mayo,Cobre,0
2018,Junio,Cobre,2
2018,Julio,Cobre,0
2018,Agosto,Cobre,4.8
2018,Septiembre,Cobre,
2018,Octubre,Cobre,
2018,Noviembre,Cobre,
2018,Diciembre,Cobre,
2019,Enero,Cobre,
2019,Febrero,Cobre,
2019,Marzo,Cobre,
2019,Abril,Cobre,
2019,Mayo,Cobre,0
2019,Junio,Cobre,0
2019,Julio,Cobre,0
2019,Agosto,Cobre,0
2019,Septiembre,Cobre,0
2019,Octubre,Cobre,0
2019,Noviembre,Cobre,0
2019,Diciembre,Cobre,0
2020,Enero,Cobre,0
2020,Febrero,Cobre,0
2020,Marzo,Cobre,
2020,Abril,Cobre,
2020,Mayo,Cobre,
2020,Junio,Cobre,0
2020,Julio,Cobre,0
2020,Agosto,Cobre,0
2020,Septiembre,Cobre,0
2020,Octubre,Cobre,0
2020,Noviembre,Cobre,0
2020,Diciembre,Cobre,
2017,Enero,Fierro,0
2017,Febrero,Fierro,0
2017,Marzo,Fierro,0
2017,Abril,Fierro,0
2017,Mayo,Fierro,0
2017,Junio,Fierro,0
2017,Julio,Fierro,0
2017,Agosto,Fierro,0
2017,Septiembre,Fierro,0
2017,Octubre,Fierro,0
2017,Noviembre,Fierro,0
2017,Diciembre,Fierro,0
2018,Enero,Fierro,
2018,Febrero,Fierro,331.4
2018,Marzo,Fierro,287.9
2018,Abril,Fierro,291.7
2018,Mayo,Fierro,971
2018,Junio,Fierro,915.7
2018,Julio,Fierro,280.6
2018,Agosto,Fierro,1311.19
2018,Septiembre,Fierro,
2018,Octubre,Fierro,
2018,Noviembre,Fierro,
2018,Diciembre,Fierro,
2019,Enero,Fierro,
2019,Febrero,Fierro,
2019,Marzo,Fierro,
2019,Abril,Fierro,
2019,Mayo,Fierro,0
2019,Junio,Fierro,0
2019,Julio,Fierro,0
2019,Agosto,Fierro,0
2019,Septiembre,Fierro,0
2019,Octubre,Fierro,0
2019,Noviembre,Fierro,0
2019,Diciembre,Fierro,0
2020,Enero,Fierro,0
2020,Febrero,Fierro,0
2020,Marzo,Fierro,
2020,Abril,Fierro,
2020,Mayo,Fierro,
2020,Junio,Fierro,0
2020,Julio,Fierro,0
2020,Agosto,Fierro,0
2020,Septiembre,Fierro,0
2020,Octubre,Fierro,0
2020,Noviembre,Fierro,0
2020,Diciembre,Fierro,
2017,Enero,Aluminio,0
2017,Febrero,Aluminio,0
2017,Marzo,Aluminio,0
2017,Abril,Aluminio,0
2017,Mayo,Aluminio,104.9
2017,Junio,Aluminio,185
2017,Julio,Aluminio,8.2
2017,Agosto,Aluminio,2.6
2017,Septiembre,Aluminio,45
2017,Octubre,Aluminio,3040
2017,Noviembre,Aluminio,62
2017,Diciembre,Aluminio,55
2018,Enero,Aluminio,
2018,Febrero,Aluminio,284.3
2018,Marzo,Aluminio,150.2
2018,Abril,Aluminio,54.6
2018,Mayo,Aluminio,148.6
2018,Junio,Aluminio,184.9
2018,Julio,Aluminio,118.7
2018,Agosto,Aluminio,96.6
2018,Septiembre,Aluminio,
2018,Octubre,Aluminio,
2018,Noviembre,Aluminio,
2018,Diciembre,Aluminio,
2019,Enero,Aluminio,
2019,Febrero,Aluminio,
2019,Marzo,Aluminio,
2019,Abril,Aluminio,
2019,Mayo,Aluminio,0
2019,Junio,Aluminio,0
2019,Julio,Aluminio,12.5
2019,Agosto,Aluminio,12.8
2019,Septiembre,Aluminio,9.5
2019,Octubre,Aluminio,15.6
2019,Noviembre,Aluminio,19.1
2019,Diciembre,Aluminio,35.2
2020,Enero,Aluminio,57.5
2020,Febrero,Aluminio,27
2020,Marzo,Aluminio,
2020,Abril,Aluminio,
2020,Mayo,Aluminio,
2020,Junio,Aluminio,21
2020,Julio,Aluminio,96
2020,Agosto,Aluminio,101.4
2020,Septiembre,Aluminio,33.5
2020,Octubre,Aluminio,24
2020,Noviembre,Aluminio,36
2020,Diciembre,Aluminio,
2017,Enero,AceiteVeg,0
2017,Febrero,AceiteVeg,0
2017,Marzo,AceiteVeg,0
2017,Abril,AceiteVeg,24.7
2017,Mayo,AceiteVeg,0
2017,Junio,AceiteVeg,69
2017,Julio,AceiteVeg,0
2017,Agosto,AceiteVeg,0
2017,Septiembre,AceiteVeg,0
2017,Octubre,AceiteVeg,3000
2017,Noviembre,AceiteVeg,6.2
2017,Diciembre,AceiteVeg,5
2018,Enero,AceiteVeg,
2018,Febrero,AceiteVeg,0
2018,Marzo,AceiteVeg,3
2018,Abril,AceiteVeg,0
2018,Mayo,AceiteVeg,0
2018,Junio,AceiteVeg,0
2018,Julio,AceiteVeg,0
2018,Agosto,AceiteVeg,0
2018,Septiembre,AceiteVeg,
2018,Octubre,AceiteVeg,
2018,Noviembre,AceiteVeg,
2018,Diciembre,AceiteVeg,
2019,Enero,AceiteVeg,
2019,Febrero,AceiteVeg,
2019,Marzo,AceiteVeg,
2019,Abril,AceiteVeg,
2019,Mayo,AceiteVeg,181
2019,Junio,AceiteVeg,2
2019,Julio,AceiteVeg,0
2019,Agosto,AceiteVeg,0
2019,Septiembre,AceiteVeg,0
2019,Octubre,AceiteVeg,0
2019,Noviembre,AceiteVeg,0
2019,Diciembre,AceiteVeg,25
2020,Enero,AceiteVeg,0
2020,Febrero,AceiteVeg,65
2020,Marzo,AceiteVeg,
2020,Abril,AceiteVeg,
2020,Mayo,AceiteVeg,
2020,Junio,AceiteVeg,60
2020,Julio,AceiteVeg,20
2020,Agosto,AceiteVeg,44
2020,Septiembre,AceiteVeg,30
2020,Octubre,AceiteVeg,20
2020,Noviembre,AceiteVeg,28
2020,Diciembre,AceiteVeg,
2017,Enero,AceiteMotor,0
2017,Febrero,AceiteMotor,0
2017,Marzo,AceiteMotor,0
2017,Abril,AceiteMotor,0
2017,Mayo,AceiteMotor,0
2017,Junio,AceiteMotor,3.9
2017,Julio,AceiteMotor,0
2017,Agosto,AceiteMotor,0
2017,Septiembre,AceiteMotor,0
2017,Octubre,AceiteMotor,0
2017,Noviembre,AceiteMotor,0
2017,Diciembre,AceiteMotor,48.5
2018,Enero,AceiteMotor,
2018,Febrero,AceiteMotor,0
2018,Marzo,AceiteMotor,6.4
2018,Abril,AceiteMotor,6.4
2018,Mayo,AceiteMotor,0
2018,Junio,AceiteMotor,0
2018,Julio,AceiteMotor,0
2018,Agosto,AceiteMotor,0
2018,Septiembre,AceiteMotor,
2018,Octubre,AceiteMotor,
2018,Noviembre,AceiteMotor,
2018,Diciembre,AceiteMotor,
2019,Enero,AceiteMotor,
2019,Febrero,AceiteMotor,
2019,Marzo,AceiteMotor,
2019,Abril,AceiteMotor,
2019,Mayo,AceiteMotor,0
2019,Junio,AceiteMotor,0
2019,Julio,AceiteMotor,0
2019,Agosto,AceiteMotor,0
2019,Septiembre,AceiteMotor,0
2019,Octubre,AceiteMotor,0
2019,Noviembre,AceiteMotor,0
2019,Diciembre,AceiteMotor,0
2020,Enero,AceiteMotor,0
2020,Febrero,AceiteMotor,0
2020,Marzo,AceiteMotor,
2020,Abril,AceiteMotor,
2020,Mayo,AceiteMotor,
2020,Junio,AceiteMotor,0
2020,Julio,AceiteMotor,0
2020,Agosto,AceiteMotor,0
2020,Septiembre,AceiteMotor,0
2020,Octubre,AceiteMotor,0
2020,Noviembre,AceiteMotor,0
2020,Diciembre,AceiteMotor,
2017,Enero,Baterias,0
2017,Febrero,Baterias,0
2017,Marzo,Baterias,0
2017,Abril,Baterias,114.4
2017,Mayo,Baterias,1.9
2017,Junio,Baterias,0
2017,Julio,Baterias,83.6
2017,Agosto,Baterias,166.4
2017,Septiembre,Baterias,0
2017,Octubre,Baterias,0.6
2017,Noviembre,Baterias,1
2017,Diciembre,Baterias,13.9
2018,Enero,Baterias,
2018,Febrero,Baterias,14.58
2018,Marzo,Baterias,0
2018,Abril,Baterias,0
2018,Mayo,Baterias,25.9
2018,Junio,Baterias,1.2
2018,Julio,Baterias,2.2
2018,Agosto,Baterias,1.8
2018,Septiembre,Baterias,
2018,Octubre,Baterias,
2018,Noviembre,Baterias,
2018,Diciembre,Baterias,
2019,Enero,Baterias,
2019,Febrero,Baterias,
2019,Marzo,Baterias,
2019,Abril,Baterias,
2019,Mayo,Baterias,0
2019,Junio,Baterias,0
2019,Julio,Baterias,0
2019,Agosto,Baterias,2.7
2019,Septiembre,Baterias,0
2019,Octubre,Baterias,0
2019,Noviembre,Baterias,0
2019,Diciembre,Baterias,0
2020,Enero,Baterias,0.5
2020,Febrero,Baterias,0
2020,Marzo,Baterias,
2020,Abril,Baterias,
2020,Mayo,Baterias,
2020,Junio,Baterias,0
2020,Julio,Baterias,0
2020,Agosto,Baterias,0
2020,Septiembre,Baterias,0
2020,Octubre,Baterias,3
2020,Noviembre,Baterias,0
2020,Diciembre,Baterias,
2017,Enero,Cartuchos,0
2017,Febrero,Cartuchos,0
2017,Marzo,Cartuchos,0
2017,Abril,Cartuchos,0
2017,Mayo,Cartuchos,0
2017,Junio,Cartuchos,0
2017,Julio,Cartuchos,0
2017,Agosto,Cartuchos,496
2017,Septiembre,Cartuchos,0
2017,Octubre,Cartuchos,0
2017,Noviembre,Cartuchos,0
2017,Diciembre,Cartuchos,0
2018,Enero,Cartuchos,
2018,Febrero,Cartuchos,0
2018,Marzo,Cartuchos,1
2018,Abril,Cartuchos,0
2018,Mayo,Cartuchos,215
2018,Junio,Cartuchos,0
2018,Julio,Cartuchos,0
2018,Agosto,Cartuchos,0
2018,Septiembre,Cartuchos,
2018,Octubre,Cartuchos,
2018,Noviembre,Cartuchos,
2018,Diciembre,Cartuchos,
2019,Enero,Cartuchos,
2019,Febrero,Cartuchos,
2019,Marzo,Cartuchos,
2019,Abril,Cartuchos,
2019,Mayo,Cartuchos,0
2019,Junio,Cartuchos,0
2019,Julio,Cartuchos,0
2019,Agosto,Cartuchos,
2019,Septiembre,Cartuchos,0
2019,Octubre,Cartuchos,0
2019,Noviembre,Cartuchos,0
2019,Diciembre,Cartuchos,0
2020,Enero,Cartuchos,0
2020,Febrero,Cartuchos,0
2020,Marzo,Cartuchos,
2020,Abril,Cartuchos,
2020,Mayo,Cartuchos,
2020,Junio,Cartuchos,0
2020,Julio,Cartuchos,0
2020,Agosto,Cartuchos,0
2020,Septiembre,Cartuchos,0
2020,Octubre,Cartuchos,0
2020,Noviembre,Cartuchos,0
2020,Diciembre,Cartuchos,
2017,Enero,Electronicos,0
2017,Febrero,Electronicos,0
2017,Marzo,Electronicos,0
2017,Abril,Electronicos,0
2017,Mayo,Electronicos,311.4
2017,Junio,Electronicos,0
2017,Julio,Electronicos,3.5
2017,Agosto,Electronicos,153
2017,Septiembre,Electronicos,0
2017,Octubre,Electronicos,0
2017,Noviembre,Electronicos,0
2017,Diciembre,Electronicos,126.6
2018,Enero,Electronicos,
2018,Febrero,Electronicos,0
2018,Marzo,Electronicos,34.6
2018,Abril,Electronicos,221.5
2018,Mayo,Electronicos,0
2018,Junio,Electronicos,35
2018,Julio,Electronicos,0
2018,Agosto,Electronicos,229.4
2018,Septiembre,Electronicos,
2018,Octubre,Electronicos,
2018,Noviembre,Electronicos,
2018,Diciembre,Electronicos,
2019,Enero,Electronicos,
2019,Febrero,Electronicos,
2019,Marzo,Electronicos,
2019,Abril,Electronicos,
2019,Mayo,Electronicos,368
2019,Junio,Electronicos,8
2019,Julio,Electronicos,1.4
2019,Agosto,Electronicos,55
2019,Septiembre,Electronicos,0
2019,Octubre,Electronicos,0
2019,Noviembre,Electronicos,9
2019,Diciembre,Electronicos,0
2020,Enero,Electronicos,0
2020,Febrero,Electronicos,0
2020,Marzo,Electronicos,
2020,Abril,Electronicos,
2020,Mayo,Electronicos,
2020,Junio,Electronicos,10
2020,Julio,Electronicos,0
2020,Agosto,Electronicos,2
2020,Septiembre,Electronicos,4
2020,Octubre,Electronicos,60
2020,Noviembre,Electronicos,236
2020,Diciembre,Electronicos,
2017,Enero,Chatarra,
2017,Febrero,Chatarra,
2017,Marzo,Chatarra,
2017,Abril,Chatarra,
2017,Mayo,Chatarra,
2017,Junio,Chatarra,
2017,Julio,Chatarra,
2017,Agosto,Chatarra,
2017,Septiembre,Chatarra,
2017,Octubre,Chatarra,
2017,Noviembre,Chatarra,
2017,Diciembre,Chatarra,
2018,Enero,Chatarra,
2018,Febrero,Chatarra,
2018,Marzo,Chatarra,
2018,Abril,Chatarra,
2018,Mayo,Chatarra,
2018,Junio,Chatarra,
2018,Julio,Chatarra,
2018,Agosto,Chatarra,
2018,Septiembre,Chatarra,
2018,Octubre,Chatarra,
2018,Noviembre,Chatarra,
2018,Diciembre,Chatarra,
2019,Enero,Chatarra,
2019,Febrero,Chatarra,
2019,Marzo,Chatarra,
2019,Abril,Chatarra,
2019,Mayo,Chatarra,8
2019,Junio,Chatarra,17
2019,Julio,Chatarra,75.4
2019,Agosto,Chatarra,4.3
2019,Septiembre,Chatarra,16.2
2019,Octubre,Chatarra,52
2019,Noviembre,Chatarra,28.5
2019,Diciembre,Chatarra,23
2020,Enero,Chatarra,24.5
2020,Febrero,Chatarra,152
2020,Marzo,Chatarra,
2020,Abril,Chatarra,
2020,Mayo,Chatarra,
2020,Junio,Chatarra,27
2020,Julio,Chatarra,3
2020,Agosto,Chatarra,5
2020,Septiembre,Chatarra,14
2020,Octubre,Chatarra,53
2020,Noviembre,Chatarra,76
2020,Diciembre,Chatarra,
2017,Enero,Archivos,
2017,Febrero,Archivos,
2017,Marzo,Archivos,
2017,Abril,Archivos,
2017,Mayo,Archivos,
2017,Junio,Archivos,
2017,Julio,Archivos,
2017,Agosto,Archivos,
2017,Septiembre,Archivos,
2017,Octubre,Archivos,
2017,Noviembre,Archivos,
2017,Diciembre,Archivos,
2018,Enero,Archivos,
2018,Febrero,Archivos,
2018,Marzo,Archivos,
2018,Abril,Archivos,
2018,Mayo,Archivos,
2018,Junio,Archivos,
2018,Julio,Archivos,
2018,Agosto,Archivos,
2018,Septiembre,Archivos,
2018,Octubre,Archivos,
2018,Noviembre,Archivos,
2018,Diciembre,Archivos,
2019,Enero,Archivos,
2019,Febrero,Archivos,
2019,Marzo,Archivos,
2019,Abril,Archivos,
2019,Mayo,Archivos,0
2019,Junio,Archivos,0
2019,Julio,Archivos,0
2019,Agosto,Archivos,0
2019,Septiembre,Archivos,40
2019,Octubre,Archivos,19
2019,Noviembre,Archivos,73
2019,Diciembre,Archivos,0
2020,Enero,Archivos,28
2020,Febrero,Archivos,0
2020,Marzo,Archivos,
2020,Abril,Archivos,
2020,Mayo,Archivos,
2020,Junio,Archivos,6
2020,Julio,Archivos,4
2020,Agosto,Archivos,8
2020,Septiembre,Archivos,0
2020,Octubre,Archivos,12
2020,Noviembre,Archivos,0
2020,Diciembre,Archivos,